<?xml version="1.0" encoding="utf-8"?>
<openerp>
<data>
 
    <record id="base.main_company" model="res.company">
        <field name="name">The insurance experts company</field>
       <!-- <field name="logo" type="base64" file="/insurance_experts/static/src/img/insurance.png"/> -->
    </record>

    <record id="project.project_tt_analysis" model="project.task.type">
        <field name="name">test</field>
        <field name="case_default" type="int">0</field>
    </record>

</data>
</openerp>