<?xml version="1.0" encoding="utf-8"?>
<openerp>
    <data>
        <record model="ir.actions.server" id="create_report_server_action">
            <field name="name">Create Report</field>
            <field name="model_id" eval="ref('model_x_create_report')"/>
            <field name="state">code</field>
            <field name="condition">True</field>
            <field name="sequence">5</field>
            <field name="code">
xmlid_mod = pool['ir.model.data']
view_mod = pool['ir.ui.view']
report_mod = pool['ir.actions.report.xml']
module = "__custo__"

default_content = """&lt;div class="page">

            &lt;h2>Title of your report for &lt;span t-field="o.display_name"/>&lt;/h2>

            &lt;div class="row mt32 mb32" id="information">
                &lt;div class="col-xs-3">
                    &lt;strong>Block1:&lt;/strong>
                    &lt;p>Content1&lt;/p>
                &lt;/div>
                &lt;div class="col-xs-3">
                    &lt;strong>Block2:&lt;/strong>
                    &lt;p>Content2&lt;/p>
                &lt;/div>
            &lt;/div>

            &lt;table class="table table-condensed">
            &lt;thead>
                &lt;tr>
                    &lt;th>Col1&lt;/th>
                    &lt;th>Col2&lt;/th>
                &lt;/tr>
            &lt;/thead>
            &lt;tbody>
                &lt;tr>
                    &lt;td>
                        &lt;span>Content1&lt;/span>
                    &lt;/td>
                    &lt;td>
                        &lt;span>Content2&lt;/span>
                    &lt;/td>
                &lt;/tr>
            &lt;/tbody>
            &lt;/table>

            &lt;p>
                &lt;strong>Additional note: &lt;/strong>
                &lt;span>Note&lt;/span>
            &lt;/p>

        &lt;/div>"""

if object.x_type == 'internal':
    layout_tname = 'report.internal_layout'
elif object.x_type == 'external':
    layout_tname = 'report.external_layout'

suffix = object.x_suffix or ""

# The report_name is going to be constructed as a concatenation of:
# - The name of the module ( by default __custo__ )
# - A dot
# - The word "report"
# - An underscore
# - The name of the model, removed from any non strictly alphanumeric character
# - An underscore
# - The user-friendly name of the report, removed from any non strictly
#   alphanumeric character
# - An underscore
# - document
# Ex: __custo__.report_saleorder_orderconfirmation_document

accepted_chars = map(chr, range(ord('a'), ord('z') + 1)) + \
    map(chr, range(ord('0'), ord('9') + 1))

name_short = ''.join(c for c in object.x_name.lower() if c in accepted_chars)
model_short = ''.join(
    c for c in object.x_model_id.model.lower() if c in accepted_chars)

technical_name = 'report_' + model_short + '_' + name_short

document_technical_name = technical_name + '_document'

document_tname = module + '.' + document_technical_name

if object.x_translate:
    document_qweb = """&lt;?xml version="1.0"?>
&lt;t t-name="%s">
    &lt;t t-call="%s">
        %s
    &lt;/t>
&lt;/t>""" % (document_tname, layout_tname, default_content)
else:
    document_qweb = """&lt;?xml version="1.0"?>
&lt;t t-name="%s">
    &lt;t t-call="report.html_container">
        &lt;t t-foreach="docs" t-as="o">
            &lt;t t-call="%s">
                %s
            &lt;/t>
        &lt;/t>
    &lt;/t>
&lt;/t>""" % (document_tname, layout_tname, default_content)

# Create the "document" QWeb view,
document_view_values = {
    'name': document_technical_name + suffix,
    'type': 'qweb',
    'arch': document_qweb,
}
document_view_id = view_mod.create(
    cr, uid, document_view_values, context=context)
# and an XMLID for it
document_xmlid_values = {
    'module': module,
    'name': document_technical_name,
    'model': 'ir.ui.view',
    'res_id': document_view_id,
}
xmlid_mod.create(cr, uid, document_xmlid_values, context=context)

if object.x_translate:
    translate_tname = module + '.' + technical_name
    translate_qweb = """&lt;?xml version="1.0"?>
&lt;t t-name="%s">
    &lt;t t-call="report.html_container">
        &lt;t t-foreach="doc_ids" t-as="doc_id">
            &lt;t t-raw="translate_doc(doc_id, doc_model, '%s', '%s')"/>
        &lt;/t>
    &lt;/t>
&lt;/t>""" % (translate_tname, object.x_lang_path, document_tname)

    # Create the "caller" or "translator" QWeb view,
    translate_view_values = {
        'name': technical_name + suffix,
        'type': 'qweb',
        'arch': translate_qweb,
    }
    translate_view_id = view_mod.create(
        cr, uid, translate_view_values, context=context)
    # and an XMLID for it
    translate_xmlid_values = {
        'module': module,
        'name': technical_name,
        'model': 'ir.ui.view',
        'res_id': translate_view_id,
    }
    xmlid_mod.create(cr, uid, translate_xmlid_values, context=context)

# Create the report
report_values = {
    'name': object.x_name,
    'model': object.x_model_id.model,
    'report_type': 'qweb-pdf',
    'report_name': translate_tname if object.x_translate else document_tname,
}
report_id = report_mod.create(cr, uid, report_values, context=context)
# And an action binding (shortcut to the report in the "Print" menu)
action_binding_values = {
    'name': object.x_name,
    'model': object.x_model_id.model,
    'key2': 'client_print_multi',
    'value': 'ir.actions.report.xml,%d' % (report_id),
}
pool['ir.values'].create(cr, uid, action_binding_values, context=context)

# We're done.
# Delete the "wizard" from the database
self.unlink(cr, uid, object.id, context=context)

# And display the newly created report
action_dict = pool['ir.actions.act_window'].for_xml_id(
    cr, uid, 'base', 'ir_action_report_xml', context=context)
action_dict.update({
    'res_id': report_id,
    'view_mode': 'form,tree'
})
action_dict.pop('views')
action_dict.pop('view_id')
action = action_dict

            </field>
        </record>
    </data>
</openerp>