<?xml version="1.0" encoding="utf-8"?>
<openerp>
    <data noupdate="true">

        <record model="ir.model" id="model_x_merge_partner_tags">
            <field name="name">Merge partner tags</field>
            <field name="model">x_merge_partner_tags</field>
            <field name="state">manual</field>           
        </record>

        <record model="ir.model.fields" id="x_merge_partner_tags_x_name">
            <field name="name">x_name</field>
            <field name="field_description">Final name</field>
            <field name="ttype">char</field>
            <field name="required" eval="1"/>    
            <field name="state">manual</field>       
            <field name="model_id" ref="model_x_merge_partner_tags"/>                     
        </record>

        <record model="ir.model.fields" id="x_merge_partner_tags_x_tag_ids">
            <field name="name">x_tag_ids</field>
            <field name="field_description">Tags to merge</field>
            <field name="ttype">many2many</field> 
            <field name="relation">res.partner.category</field>
            <field name="required" eval="1"/>       
            <field name="state">manual</field>       
            <field name="model_id" ref="model_x_merge_partner_tags"/>                     
        </record>

    </data>
</openerp>